{
  "face_rectangle": {
    "p1": {
      "x": 365,
      "y": 316
    },
    "p2": {
      "x": 588,
      "y": 539
    }
  },
  "face_recog_result_id": "shiratori",
  "face_recog_date": "20210112_145744",
  "face_recog_result": true,
  "face_vector": [
    -0.025207683444023,
    0.22947372496128,
    0.064511656761169,
    0.052043475210667,
    0.039183504879475,
    0.16092759370804,
    -0.0015892892843112,
    0.021080629900098,
    0.07646381855011,
    0.075149744749069,
    0.12930190563202,
    -0.013194909319282,
    -0.0065966597758234,
    -0.16535384953022,
    0.09345480799675,
    -0.091536119580269,
    -0.033931046724319,
    0.16170372068882,
    -0.11750269681215,
    -0.10396685451269,
    0.057379215955734,
    0.049653053283691,
    -0.022203145548701,
    0.071831978857517,
    0.11926116794348,
    -0.22013518214226,
    -0.053651966154575,
    -0.018733713775873,
    0.01877705194056,
    0.034296896308661,
    0.11631269752979,
    -0.10581427812576,
    -0.046313967555761,
    0.069645799696445,
    0.042858935892582,
    -0.017913926392794,
    -0.0028834498953074,
    -0.16637894511223,
    -0.031405624002218,
    0.11030271649361,
    0.1093080714345,
    -0.025032902136445,
    -0.019011992961168,
    0.13135202229023,
    -0.12712725996971,
    -0.1518265157938,
    0.04581580683589,
    0.0092172352597117,
    0.00078822579234838,
    0.029134947806597,
    0.1601870059967,
    0.037517916411161,
    -0.20763915777206,
    -0.056725844740868,
    -0.10561494529247,
    0.065212592482567,
    -0.088784396648407,
    -0.064879834651947,
    0.028272159397602,
    -0.02304189093411,
    -0.090518407523632,
    -0.10148966312408,
    -0.033989824354649,
    -0.091273181140423,
    0.026418374851346,
    -0.15437711775303,
    0.095151081681252,
    -0.070118866860867,
    -0.046358231455088,
    0.19030746817589,
    0.087829783558846,
    0.14555023610592,
    0.062479354441166,
    -0.049148708581924,
    -0.053262624889612,
    -0.05910962074995,
    -0.11916568875313,
    0.12166895717382,
    -0.081295900046825,
    0.018803333863616,
    -0.06880684196949,
    0.090628199279308,
    0.087291918694973,
    0.11231612414122,
    0.0060385540127754,
    0.075918257236481,
    0.070881173014641,
    -0.077349185943604,
    -0.018586587160826,
    0.00086254009511322,
    -0.09207122027874,
    -0.11718811839819,
    -0.059838652610779,
    -0.11824069917202,
    -0.057815305888653,
    -0.18864993751049,
    -0.11703739315271,
    -0.047161474823952,
    -0.10574036091566,
    0.030217280611396,
    -0.060326009988785,
    0.055586036294699,
    0.085596010088921,
    0.025997307151556,
    0.041751775890589,
    -0.0039147040806711,
    0.0016525132814422,
    0.062442135065794,
    -0.014168152585626,
    0.072965763509274,
    -0.015715599060059,
    -0.036614868789911,
    -0.069111764431,
    0.060909789055586,
    -0.03932997584343,
    -0.089002311229706,
    -0.00944743771106,
    -0.036709826439619,
    0.035843636840582,
    0.035729702562094,
    0.082336872816086,
    0.057177558541298,
    -0.10727017372847,
    0.12678112089634,
    0.12196253985167,
    -0.090138912200928,
    0.045152090489864,
    0.085879810154438
  ],
  "recog_id": "cam0001_20210112_145744"
}