{
  "face_rectangle": {
    "p2": {
      "x": 502,
      "y": 605
    },
    "p1": {
      "x": 40,
      "y": 143
    }
  },
  "face_recog_result": true,
  "face_recog_date": "20201216_153843",
  "recog_id": "cam0001_20201216_153843",
  "face_vector": [
    -0.03351741284132,
    0.12016121298075,
    -0.022803353145719,
    0.11083125323057,
    -0.049746565520763,
    0.010688940994442,
    0.033086571842432,
    0.085557028651237,
    0.079139553010464,
    0.04532477632165,
    0.12632122635841,
    0.018441703170538,
    0.058394279330969,
    -0.1419278383255,
    -0.040521662682295,
    -0.090387597680092,
    -0.062229804694653,
    0.050797939300537,
    -0.068067356944084,
    0.12518902122974,
    0.068186573684216,
    -0.20319540798664,
    -0.02124359831214,
    0.11211505532265,
    0.052915003150702,
    -0.24937723577023,
    -0.069942474365234,
    -0.039436209946871,
    -0.051047150045633,
    0.063959710299969,
    -0.0007774184923619,
    -0.12882806360722,
    0.062201157212257,
    0.073018401861191,
    -0.092069685459137,
    0.00075526983710006,
    -0.011429243721068,
    -0.11133874952793,
    -0.14720216393471,
    -0.0049889800138772,
    0.045545596629381,
    -0.16900533437729,
    0.060586642473936,
    0.053508516401052,
    -0.055197082459927,
    -0.15218932926655,
    0.058040503412485,
    -0.0084338011220098,
    0.0095093231648207,
    0.14559200406075,
    0.037241328507662,
    -0.032776474952698,
    -0.15174095332623,
    0.011163867078722,
    0.041213721036911,
    0.059340074658394,
    -0.12811182439327,
    -0.13423222303391,
    0.022928059101105,
    0.015336198732257,
    -0.042077284306288,
    -0.064326502382755,
    -0.037215400487185,
    -0.090298756957054,
    -0.0002031172189163,
    -0.092705979943275,
    0.0070799039676785,
    -0.16417941451073,
    -0.10400056838989,
    -0.021369505673647,
    -0.0078280624002218,
    0.045223299413919,
    -0.031874269247055,
    0.007679982110858,
    0.040193594992161,
    0.025156648829579,
    0.097734272480011,
    0.15431095659733,
    -0.01043448317796,
    0.057266343384981,
    -0.17190140485764,
    -0.14226572215557,
    0.0025996451731771,
    0.11341068148613,
    -0.023932006210089,
    0.2432858645916,
    -0.0170090906322,
    -0.057776033878326,
    0.091303028166294,
    -7.0812624471728e-05,
    -0.077824674546719,
    -0.15510910749435,
    0.0011321742786095,
    -0.083789624273777,
    -0.085499353706837,
    -0.14113469421864,
    -0.13216838240623,
    -0.038770396262407,
    -0.024704864248633,
    -0.0088195018470287,
    -0.0060683134943247,
    0.025179989635944,
    0.055766437202692,
    -0.008730917237699,
    0.094639599323273,
    0.09403170645237,
    0.042220860719681,
    0.15610955655575,
    -0.064714729785919,
    0.025403309613466,
    -0.15745024383068,
    -0.057326581329107,
    -0.0062452959828079,
    -0.020530857145786,
    -0.083641782402992,
    -0.018970653414726,
    0.14488472044468,
    0.038604605942965,
    0.07161045819521,
    0.14565023779869,
    -0.051047556102276,
    0.005725231487304,
    -0.13457098603249,
    0.16016931831837,
    0.021767621859908,
    -0.0025121236685663,
    0.047428239136934,
    0.082305915653706
  ],
  "face_recog_result_id": "shiratori"
}