{
  "face_rectangle": {
    "p2": {
      "x": 527,
      "y": 409
    },
    "p1": {
      "x": 260,
      "y": 142
    }
  },
  "face_recog_result": true,
  "face_recog_date": "20201216_153811",
  "recog_id": "cam0001_20201216_153811",
  "face_vector": [
    -0.062968149781227,
    0.24615947902203,
    0.10104593634605,
    0.029228059574962,
    -0.027213951572776,
    0.13165405392647,
    -0.0091587714850903,
    0.085952304303646,
    0.085457660257816,
    0.12135401368141,
    0.089366480708122,
    -0.10888737440109,
    -0.048590768128633,
    -0.20662365853786,
    0.12469381839037,
    -0.123131044209,
    -0.060765039175749,
    0.072503939270973,
    -0.049112014472485,
    -0.12907020747662,
    0.020268468186259,
    -0.03741467371583,
    -0.033161327242851,
    -0.025521408766508,
    0.15617541968822,
    -0.15224713087082,
    -0.051446743309498,
    -0.0010969055583701,
    0.082342527806759,
    -0.078399740159512,
    0.18433940410614,
    -0.09247787296772,
    -0.042179472744465,
    0.02798805385828,
    0.071857467293739,
    -0.045339934527874,
    0.02704450301826,
    -0.044935822486877,
    0.059474855661392,
    0.01796711795032,
    0.12312986701727,
    -0.10227633267641,
    -0.081276379525661,
    0.057543631643057,
    -0.068091869354248,
    -0.13786192238331,
    -0.021858382970095,
    0.032520528882742,
    -0.02966720983386,
    -0.056853301823139,
    0.027621679008007,
    0.1905372440815,
    -0.097625494003296,
    -0.061263389885426,
    -0.12305618822575,
    0.014305061660707,
    -0.03812775015831,
    -0.14457365870476,
    -0.043931256979704,
    -0.13967652618885,
    -0.10027622431517,
    -0.12026927620173,
    -0.020943688228726,
    -0.065653786063194,
    -0.00650470610708,
    0.0097960466518998,
    0.11941464245319,
    -0.034942321479321,
    -0.024220867082477,
    0.11472326517105,
    0.030673874542117,
    0.11016695201397,
    -0.012744178064167,
    0.0076551022939384,
    0.017704619094729,
    -0.12101399898529,
    -0.10886389762163,
    0.10246274620295,
    -0.0036049168556929,
    0.092080250382423,
    -0.15741151571274,
    0.050240382552147,
    0.11300571262836,
    0.092654041945934,
    0.092855975031853,
    0.0041003739461303,
    0.043037496507168,
    0.042691841721535,
    0.096693776547909,
    -0.044644292443991,
    -0.034485299140215,
    -0.040278293192387,
    0.01104436814785,
    -0.054880782961845,
    -0.062062311917543,
    -0.24684056639671,
    -0.025360886007547,
    -0.031324613839388,
    -0.1187930777669,
    -0.034058194607496,
    -0.034779075533152,
    0.026001200079918,
    0.024294096976519,
    0.022253187373281,
    0.074923992156982,
    0.034927129745483,
    0.095259130001068,
    0.066114947199821,
    0.1167359650135,
    0.042155336588621,
    -0.032017394900322,
    0.013924806378782,
    -0.11788834631443,
    0.058365609496832,
    0.065214902162552,
    -0.12156238406897,
    -0.061692148447037,
    -0.062554948031902,
    0.13006228208542,
    0.005237084813416,
    0.079687885940075,
    0.037341229617596,
    -0.073855057358742,
    0.10582868009806,
    0.14451989531517,
    -0.096409268677235,
    0.11796204000711,
    0.078625075519085
  ],
  "face_recog_result_id": "shiratori"
}