{
  "face_rectangle": {
    "p2": {
      "x": 461,
      "y": 547
    },
    "p1": {
      "x": 76,
      "y": 162
    }
  },
  "face_recog_result": true,
  "face_recog_date": "20201216_153905",
  "recog_id": "cam0001_20201216_153905",
  "face_vector": [
    0.015442791394889,
    0.071342632174492,
    -0.066042132675648,
    0.058651361614466,
    0.028922781348228,
    0.17126198112965,
    -0.01957823894918,
    0.0059849107638001,
    -0.060546070337296,
    0.036204632371664,
    0.071300692856312,
    0.046265222132206,
    0.079977042973042,
    -0.055919211357832,
    -0.010514741763473,
    0.045505110174417,
    -0.027415009215474,
    0.075580798089504,
    0.0094165671616793,
    -0.051320414990187,
    0.19102109968662,
    -0.11334348469973,
    0.14996077120304,
    0.029252219945192,
    0.13247689604759,
    -0.15493050217628,
    -0.016943819820881,
    -0.14801524579525,
    -0.012911072932184,
    0.1172938272357,
    0.054245762526989,
    -0.014633321203291,
    0.050856322050095,
    0.050500072538853,
    -0.041336704045534,
    -0.044359009712934,
    -0.073930025100708,
    -0.07266541570425,
    0.043826080858707,
    0.016392080113292,
    -0.0028584329411387,
    -0.10924471914768,
    0.04532902687788,
    0.041119556874037,
    -0.12910416722298,
    -0.13546179234982,
    0.077298775315285,
    -0.072625324130058,
    -0.04014777764678,
    0.024445798248053,
    0.16938261687756,
    0.030760556459427,
    -0.036260321736336,
    0.020237930119038,
    -0.023352237418294,
    0.056916173547506,
    0.13986690342426,
    -0.021438593044877,
    0.019911333918571,
    -0.021548876538873,
    -0.066932566463947,
    -0.054852824658155,
    0.02404797822237,
    -0.14245355129242,
    0.093643948435783,
    -0.080736830830574,
    -0.074537679553032,
    0.027659034356475,
    -0.093889735639095,
    0.12876151502132,
    -0.0086164539679885,
    0.12921315431595,
    -0.15120528638363,
    -0.13259756565094,
    0.014507744461298,
    0.076500602066517,
    0.021089304238558,
    0.010472134687006,
    -0.088640339672565,
    0.14697608351707,
    -0.15375210344791,
    -0.11605949699879,
    0.14770199358463,
    0.12831841409206,
    -0.11371550709009,
    0.12622486054897,
    0.060091499239206,
    -0.070488177239895,
    -0.032055459916592,
    -0.066583707928658,
    -0.12515015900135,
    -0.13091343641281,
    -0.076158717274666,
    0.022279266268015,
    -0.076333165168762,
    -0.10041180998087,
    -0.10217806696892,
    0.15952563285828,
    -0.047030407935381,
    0.031995501369238,
    0.074682272970676,
    0.047138120979071,
    0.023268599063158,
    0.14120702445507,
    0.11120999604464,
    0.0058179660700262,
    -0.029020411893725,
    0.13796375691891,
    -0.014787572436035,
    -0.10412204265594,
    -0.16935513913631,
    -0.03568534553051,
    -0.021694246679544,
    -0.028209436684847,
    0.054388053715229,
    0.095807105302811,
    0.02026635222137,
    0.064410142600536,
    0.074900783598423,
    0.25118726491928,
    0.042804341763258,
    -0.082129828631878,
    -0.087620034813881,
    -0.030094699934125,
    0.024071391671896,
    0.071128897368908,
    0.063700966536999,
    0.17765140533447
  ],
  "face_recog_result_id": "shiratori"
}