{
  "face_recog_date": "20210114_024725",
  "face_rectangle": {
    "p1": {
      "y": 379,
      "x": 230
    },
    "p2": {
      "y": 647,
      "x": 498
    }
  },
  "face_vector": [
    -0.093357533216476,
    0.20120015740395,
    0.057748958468437,
    -0.030252596363425,
    -0.025231888517737,
    0.21061597764492,
    -0.015034663490951,
    0.060808125883341,
    -0.034682426601648,
    0.10663060843945,
    0.0837427303195,
    0.00026374467415735,
    0.011272867210209,
    -0.17506709694862,
    0.03417606279254,
    -0.074482202529907,
    -0.13488352298737,
    0.067807838320732,
    -0.020632304251194,
    -0.14396899938583,
    0.10972721129656,
    -0.062212098389864,
    0.0047435923479497,
    0.041726280003786,
    0.11525604873896,
    -0.094999931752682,
    -0.012254827655852,
    -0.092639453709126,
    0.073495477437973,
    -0.0078732259571552,
    0.1269663721323,
    -0.17131640017033,
    -0.038410108536482,
    0.0025329540949315,
    0.032545946538448,
    -0.027929905802011,
    -0.09389304369688,
    -0.1010559424758,
    0.040673937648535,
    0.090255089104176,
    0.085366800427437,
    -0.12628257274628,
    -0.0475754737854,
    0.1267336755991,
    -0.099118649959564,
    -0.11536586284637,
    0.070955939590931,
    -0.03666789457202,
    -0.14513032138348,
    -0.07399644702673,
    0.082409292459488,
    0.087193362414837,
    -0.11348135024309,
    -0.047798972576857,
    -0.083258301019669,
    0.10170877724886,
    0.00036797660868615,
    0.038762029260397,
    -0.049164891242981,
    -0.062965057790279,
    -0.090451210737228,
    -0.055932927876711,
    0.090580761432648,
    -0.064915277063847,
    0.10934625566006,
    -0.086103796958923,
    0.015981264412403,
    -0.018565347418189,
    -0.069960214197636,
    0.16742193698883,
    0.046384036540985,
    0.13015718758106,
    -0.068484105169773,
    -0.086411438882351,
    0.070104368031025,
    0.020468292757869,
    -0.12829817831516,
    0.11243038624525,
    -0.015503786504269,
    0.098260618746281,
    -0.18969069421291,
    -0.030702846124768,
    0.16895672678947,
    0.15721860527992,
    -0.11819764226675,
    0.057190965861082,
    0.12844671308994,
    -0.021724404767156,
    0.0019438755698502,
    -0.050961412489414,
    -0.10214918106794,
    -0.11832753568888,
    -0.013818648643792,
    -0.018425421789289,
    -0.083130449056625,
    -0.17849846184254,
    -0.052415408194065,
    0.037669122219086,
    -0.077138282358646,
    0.031148787587881,
    -0.0095759266987443,
    0.071065127849579,
    -0.024741519242525,
    0.050410438328981,
    0.078364484012127,
    0.054993994534016,
    0.006966510321945,
    0.11971550434828,
    -0.01744725741446,
    -0.080359004437923,
    -0.044999327510595,
    -0.025541694834828,
    -0.064306296408176,
    -0.007016837131232,
    0.069935619831085,
    0.032115273177624,
    -0.089829780161381,
    0.00599723495543,
    0.10932411253452,
    0.13895617425442,
    0.072799779474735,
    -0.11309808492661,
    -0.13364452123642,
    -0.015471871010959,
    0.071418240666389,
    0.081528797745705,
    0.030595222488046,
    0.13720823824406
  ],
  "face_recog_result": true,
  "recog_id": "cam0001_20210114_024725",
  "face_recog_result_id": "shiratori"
}